hidden,pairs,params,val_mse,ok
[2],1,7,0.07209204835891724,False
[4],1,13,0.003387617826461792,False
"[2, 2]",2,13,0.001988849411159754,False
[8],1,25,0.00019944795076735317,True
"[4, 4]",2,33,0.00010589604350971058,True
[16],1,49,5.555761131108739e-06,True
"[4, 4, 4]",3,53,4.897802339110058e-06,True
[32],1,97,2.7926373193622566e-06,True
"[8, 8]",2,97,6.890064838080434e-06,True
"[8, 8, 8]",3,169,5.338190699694678e-06,True
"[16, 16]",2,321,1.0011994098022115e-06,True
"[16, 16, 16]",3,593,4.9846033500216436e-06,True
